Date,Open,High,Low,Close,Volume
2017-01-03,2251.57,2263.88,2245.13,2257.83,2094738889
2017-01-04,2261.6,2272.82,2261.6,2270.75,2091605556
2017-01-05,2268.18,2271.5,2260.45,2269,2089900000
2017-01-06,2271.14,2282.1,2264.06,2276.98,1855494444
2017-01-09,2273.59,2275.49,2268.9,2268.9,1787561111
2017-01-10,2269.72,2279.27,2265.27,2268.9,2021550000
2017-01-11,2268.6,2275.32,2260.83,2275.32,2011338889
2017-01-12,2271.14,2271.78,2254.25,2270.44,1923405556
2017-01-13,2272.74,2278.68,2271.51,2274.64,1711816667
2017-01-17,2269.14,2272.08,2262.81,2267.89,1991661111
2017-01-18,2269.14,2272.01,2263.35,2271.89,1841805556
2017-01-19,2271.9,2274.33,2258.41,2263.69,1758872222
2017-01-20,2269.96,2276.96,2265.01,2271.31,1958316667
2017-01-23,2267.78,2271.78,2257.02,2265.2,1751505556
2017-01-24,2267.88,2284.63,2266.68,2280.07,2117200000
2017-01-25,2288.88,2299.55,2288.88,2298.37,2136677778
2017-01-26,2298.63,2300.99,2294.08,2296.68,2005755556
2017-01-27,2299.02,2299.02,2291.62,2294.69,1742161111
2017-01-30,2286.01,2286.01,2268.04,2280.9,1995150000
2017-01-31,2274.02,2279.09,2267.21,2278.87,2270805556
2017-02-01,2285.59,2289.14,2272.44,2279.55,2175894444
2017-02-02,2276.69,2283.97,2271.65,2280.85,2115394444
2017-02-03,2288.54,2298.31,2287.88,2297.42,1998872222
2017-02-06,2294.28,2296.18,2288.57,2292.56,1727250000
2017-02-07,2295.87,2299.4,2290.16,2293.08,1915938889
2017-02-08,2289.55,2295.91,2285.38,2294.67,2005411111
2017-02-09,2296.7,2311.08,2296.61,2307.87,2043300000
2017-02-10,2312.27,2319.23,2311.1,2316.1,1930566667
2017-02-13,2321.72,2331.58,2321.42,2328.25,1860961111
2017-02-14,2326.12,2337.58,2322.17,2337.58,1956061111
2017-02-15,2335.58,2351.3,2334.81,2349.25,2097550000
2017-02-16,2349.64,2351.31,2338.87,2347.22,2040205556
2017-02-17,2343.01,2351.16,2339.58,2351.16,1951700000
2017-02-21,2354.91,2366.71,2354.91,2365.38,1988766667
2017-02-22,2361.11,2365.13,2358.34,2362.82,1927038889
2017-02-23,2367.5,2368.26,2355.09,2363.81,2230700000
2017-02-24,2355.73,2367.34,2352.87,2367.34,2128650000
2017-02-27,2365.23,2371.54,2361.87,2369.75,1990338889
2017-02-28,2366.08,2367.79,2358.96,2363.64,2338966667
2017-03-01,2380.13,2400.98,2380.13,2395.96,2413988889
2017-03-02,2394.75,2394.75,2380.17,2381.92,2122955556
2017-03-03,2380.92,2383.89,2375.39,2383.12,1975144444
2017-03-06,2375.23,2378.8,2367.98,2375.31,1795944444
2017-03-07,2370.74,2375.12,2365.51,2368.39,1954661111
2017-03-08,2369.81,2373.09,2361.01,2362.98,2117833333
2017-03-09,2363.49,2369.08,2354.54,2364.87,2064633333
2017-03-10,2372.52,2376.86,2363.04,2372.6,1907194444
2017-03-13,2371.56,2374.42,2368.52,2373.47,1741055556
2017-03-14,2368.55,2368.55,2358.18,2365.45,1762572222
2017-03-15,2370.34,2390.01,2368.94,2385.26,2170466667
2017-03-16,2387.71,2388.1,2377.18,2381.38,1869811111
2017-03-17,2383.71,2385.71,2377.64,2378.25,2876688889
2017-03-20,2378.24,2379.55,2369.66,2373.47,1697183333
2017-03-21,2379.32,2381.93,2341.9,2344.02,2369772222
2017-03-22,2343,2351.81,2336.45,2348.45,1984850000
2017-03-23,2345.97,2358.92,2342.13,2345.96,1811444444
2017-03-24,2350.42,2356.22,2335.74,2343.98,1652850000
2017-03-27,2329.11,2344.9,2322.25,2341.59,1800127778
2017-03-28,2339.79,2363.78,2337.63,2358.57,1870988889
2017-03-29,2356.54,2363.36,2352.94,2361.13,1726077778
2017-03-30,2361.31,2370.42,2358.58,2368.06,1754677778
2017-03-31,2364.82,2370.35,2362.6,2362.72,1863394444
2017-04-03,2362.34,2365.87,2344.73,2358.84,1898000000
2017-04-04,2354.76,2360.53,2350.72,2360.16,1781244444
2017-04-05,2366.59,2378.36,2350.52,2352.95,2094733333
2017-04-06,2353.79,2364.16,2348.9,2357.49,1778844444
2017-04-07,2356.59,2363.76,2350.74,2355.54,1696194444
2017-04-10,2357.16,2366.37,2351.5,2357.16,1547450000
2017-04-11,2353.92,2355.22,2337.25,2353.78,1731900000
2017-04-12,2352.15,2352.72,2341.18,2344.93,1776083333
2017-04-13,2341.98,2348.26,2328.95,2328.95,1746605556
2017-04-17,2332.62,2349.14,2332.51,2349.01,1569283333
2017-04-18,2342.53,2348.35,2334.54,2342.19,1816577778
2017-04-19,2346.79,2352.63,2335.05,2338.17,1955500000
2017-04-20,2342.69,2361.37,2340.91,2355.84,2026344444
2017-04-21,2354.74,2356.18,2344.51,2348.69,1946311111
2017-04-24,2370.33,2376.98,2369.19,2374.15,2050361111
2017-04-25,2381.51,2392.48,2381.15,2388.61,2219577778
2017-04-26,2388.98,2398.16,2386.78,2387.45,2281066667
2017-04-27,2389.7,2392.1,2382.68,2388.77,2276922222
2017-04-28,2393.68,2393.68,2382.36,2384.2,2065705556
2017-05-01,2388.5,2394.49,2384.83,2388.33,1777355556
2017-05-02,2391.05,2392.93,2385.82,2391.17,2118711111
2017-05-03,2386.5,2389.82,2379.75,2388.13,2163327778
2017-05-04,2389.79,2391.43,2380.35,2389.52,2423633333
2017-05-05,2392.37,2399.29,2389.38,2399.29,1966744444
2017-05-08,2399.94,2401.36,2393.92,2399.38,1905244444
2017-05-09,2401.58,2403.87,2392.44,2396.92,2029772222
2017-05-10,2396.79,2399.74,2392.79,2399.63,2024183333
2017-05-11,2394.84,2395.72,2381.74,2394.44,2070788889
2017-05-12,2392.44,2392.44,2387.19,2390.9,1836461111
2017-05-15,2393.98,2404.05,2393.94,2402.32,1929777778
2017-05-16,2404.55,2405.77,2396.05,2400.67,1900438889
2017-05-17,2382.95,2384.87,2356.21,2357.03,2312777778
2017-05-18,2354.69,2375.74,2352.72,2365.72,2399677778
2017-05-19,2371.37,2389.06,2370.43,2381.73,2125088889
2017-05-22,2387.21,2395.46,2386.92,2394.02,1762683333
2017-05-23,2397.04,2400.85,2393.88,2398.42,1785316667
2017-05-24,2401.41,2405.58,2397.99,2404.39,1883277778
2017-05-25,2409.54,2418.71,2408.01,2415.07,1964105556
2017-05-26,2414.5,2416.68,2412.2,2415.82,1558355556
2017-05-30,2411.67,2415.26,2409.43,2412.91,1779533333
2017-05-31,2415.63,2415.99,2403.59,2411.8,2508950000
2017-06-01,2415.65,2430.06,2413.54,2430.06,2142855556
2017-06-02,2431.28,2440.23,2427.71,2439.07,1923155556
2017-06-05,2437.83,2439.55,2434.32,2436.1,1618111111
2017-06-06,2431.92,2436.21,2428.12,2429.33,1865466667
2017-06-07,2432.03,2435.28,2424.75,2433.14,1984611111
2017-06-08,2434.27,2439.27,2427.94,2433.79,2071588889
2017-06-09,2436.39,2446.2,2415.7,2431.77,2237411111
2017-06-12,2425.88,2430.38,2419.97,2429.39,2237638889
2017-06-13,2434.15,2441.49,2431.28,2440.35,1819722222
2017-06-14,2443.75,2443.75,2428.34,2437.92,1975327778
2017-06-15,2424.14,2433.95,2418.53,2432.46,1862805556
2017-06-16,2431.24,2433.15,2422.88,2433.15,2935955556
2017-06-19,2442.55,2453.82,2441.79,2453.46,1813722222
2017-06-20,2450.66,2450.66,2436.6,2437.03,1898061111
2017-06-21,2439.31,2442.23,2430.74,2435.61,1997122222
2017-06-22,2437.4,2441.62,2433.27,2434.5,1926783333
2017-06-23,2434.65,2441.4,2431.11,2438.3,2932405556
2017-06-26,2443.32,2450.42,2437.03,2439.07,1799427778
2017-06-27,2436.34,2440.15,2419.38,2419.38,1979950000
2017-06-28,2428.7,2442.97,2428.02,2440.69,1944888889
2017-06-29,2442.38,2442.73,2405.7,2419.7,2166822222
2017-06-30,2429.2,2432.71,2421.65,2423.41,1867550000
2017-07-03,2431.39,2439.17,2428.69,2429.01,1090161111
2017-07-05,2430.78,2434.9,2422.05,2432.54,1870677778
2017-07-06,2423.44,2424.28,2407.7,2409.75,1869177778
2017-07-07,2413.52,2426.92,2413.52,2425.18,1611850000
2017-07-10,2424.51,2432,2422.27,2427.43,1666183333
2017-07-11,2427.35,2429.3,2412.79,2425.53,1725972222
2017-07-12,2435.75,2445.76,2435.75,2443.25,1762011111
2017-07-13,2444.99,2449.32,2441.69,2447.83,1704261111
2017-07-14,2449.16,2463.54,2446.69,2459.27,1520355556
2017-07-17,2459.5,2462.82,2457.16,2459.14,1551761111
2017-07-18,2455.88,2460.92,2450.34,2460.61,1645627778
2017-07-19,2463.85,2473.83,2463.85,2473.83,1699866667
2017-07-20,2475.56,2477.62,2468.43,2473.45,1768211111
2017-07-21,2467.4,2472.54,2465.06,2472.54,1699761111
2017-07-24,2472.04,2473.1,2466.32,2469.91,1672355556
2017-07-25,2477.88,2481.24,2474.91,2477.13,2282255556
2017-07-26,2479.97,2481.69,2474.94,2477.83,1976122222
2017-07-27,2482.76,2484.04,2459.93,2475.42,2219733333
2017-07-28,2469.12,2473.53,2464.66,2472.1,1830427778
2017-07-31,2475.94,2477.96,2468.53,2470.3,1927338889
2017-08-01,2477.1,2478.51,2471.14,2476.35,1922700000
2017-08-02,2480.38,2480.38,2466.48,2477.57,1932544444
2017-08-03,2476.03,2476.03,2468.85,2472.16,2025011111
2017-08-04,2476.88,2480,2472.08,2476.83,1797300000
2017-08-07,2477.14,2480.95,2475.88,2480.91,1628766667
2017-08-08,2478.35,2490.87,2470.32,2474.92,1858133333
2017-08-09,2465.35,2474.41,2462.08,2474.02,1837811111
2017-08-10,2465.38,2465.38,2437.75,2438.21,2011705556
2017-08-11,2441.04,2448.09,2437.85,2441.32,1755516667
2017-08-14,2454.96,2468.22,2454.96,2465.84,1568083333
2017-08-15,2468.66,2468.9,2461.61,2464.61,1618388889
2017-08-16,2468.63,2474.93,2463.86,2468.11,1640916667
2017-08-17,2462.95,2465.02,2430.01,2430.01,1745900000
2017-08-18,2427.64,2440.27,2420.69,2425.55,1897600000
2017-08-21,2425.5,2430.58,2417.35,2428.37,1548972222
2017-08-22,2433.75,2454.77,2433.67,2452.51,1543050000
2017-08-23,2444.88,2448.91,2441.42,2444.04,1547383333
2017-08-24,2447.91,2450.39,2436.19,2438.97,1581438889
2017-08-25,2444.72,2453.96,2442.22,2443.05,1438211111
2017-08-28,2447.35,2449.12,2439.03,2444.24,1487611111
2017-08-29,2431.94,2449.19,2428.2,2446.3,1520877778
2017-08-30,2446.06,2460.31,2443.77,2457.59,1463144444
2017-08-31,2462.65,2475.01,2462.65,2471.65,1860061111
2017-09-01,2474.42,2480.38,2473.85,2476.55,1505961111
2017-09-05,2470.35,2471.97,2446.55,2457.85,1939033333
2017-09-06,2463.83,2469.64,2459.2,2465.54,1874672222
2017-09-07,2468.06,2468.62,2460.29,2465.1,1863294444
2017-09-08,2462.25,2467.11,2459.4,2461.43,1834716667
2017-09-11,2474.52,2488.95,2474.52,2488.11,1828755556
2017-09-12,2491.94,2496.77,2490.37,2496.48,1794955556
2017-09-13,2493.89,2498.37,2492.14,2498.37,1871138889
2017-09-14,2494.56,2498.43,2491.35,2495.62,1896922222
2017-09-15,2495.67,2500.23,2493.16,2500.23,2696205556
2017-09-18,2502.51,2508.32,2499.92,2503.87,1774611111
2017-09-19,2506.29,2507.84,2503.19,2506.65,1805055556
2017-09-20,2506.84,2508.85,2496.67,2508.24,1961116667
2017-09-21,2507.16,2507.16,2499,2500.6,1628255556
2017-09-22,2497.26,2503.47,2496.54,2502.22,1592200000
2017-09-25,2499.39,2502.54,2488.03,2496.66,1832161111
2017-09-26,2501.04,2503.51,2495.12,2496.84,1690616667
2017-09-27,2503.3,2511.75,2495.91,2507.04,1920016667
2017-09-28,2503.41,2510.81,2502.93,2510.06,1760344444
2017-09-29,2509.96,2519.44,2507.99,2519.36,1784400000
2017-10-02,2521.2,2529.23,2520.4,2529.12,1777627778
2017-10-03,2530.34,2535.13,2528.85,2534.58,1704916667
2017-10-04,2533.48,2540.53,2531.8,2537.74,1676177778
2017-10-05,2540.86,2552.51,2540.02,2552.07,1691733333
2017-10-06,2547.44,2549.41,2543.79,2549.33,1602538889
2017-10-09,2551.39,2551.82,2541.6,2544.73,1379983333
2017-10-10,2549.99,2555.23,2544.86,2550.64,1644722222
2017-10-11,2550.62,2555.24,2547.95,2555.24,1653383333
2017-10-12,2552.88,2555.33,2548.31,2550.93,1750838889
2017-10-13,2555.66,2557.65,2552.09,2553.17,1749688889
2017-10-16,2555.57,2559.47,2552.64,2557.64,1620011111
2017-10-17,2557.17,2559.71,2554.69,2559.36,1605216667
2017-10-18,2562.87,2564.11,2559.67,2561.26,1665605556
2017-10-19,2553.39,2562.36,2547.92,2562.1,1661505556
2017-10-20,2567.56,2575.44,2567.56,2575.21,1880361111
2017-10-23,2578.08,2578.29,2564.33,2564.98,1784283333
2017-10-24,2568.66,2572.18,2565.58,2569.13,1904072222
2017-10-25,2566.52,2567.4,2544,2557.15,2152505556
2017-10-26,2560.08,2567.07,2559.8,2560.4,2149472222
2017-10-27,2570.26,2582.98,2565.94,2581.07,2159505556
2017-10-30,2577.75,2580.03,2568.25,2572.83,2032705556
2017-10-31,2575.99,2578.29,2572.15,2575.26,2126238889
2017-11-01,2583.21,2588.4,2574.92,2579.36,2118433333
2017-11-02,2579.46,2581.11,2566.17,2579.85,2249038889
2017-11-03,2581.93,2588.42,2576.77,2587.84,1982061111
2017-11-06,2587.47,2593.38,2585.66,2591.13,1966155556
2017-11-07,2592.11,2597.02,2584.35,2590.64,2116472222
2017-11-08,2588.71,2595.47,2585.02,2594.38,2166311111
2017-11-09,2584,2586.5,2566.33,2584.62,2128672222
2017-11-10,2580.18,2583.81,2575.57,2582.3,1937172222
2017-11-13,2576.53,2587.66,2574.48,2584.84,1890516667
2017-11-14,2577.75,2579.66,2566.56,2578.87,2023200000
2017-11-15,2569.45,2572.84,2557.45,2564.62,1977161111
2017-11-16,2572.95,2590.09,2572.95,2585.64,1840394444
2017-11-17,2582.94,2583.96,2577.62,2578.85,1833422222
2017-11-20,2579.49,2584.64,2578.24,2582.14,1668633333
2017-11-21,2589.17,2601.19,2589.17,2599.03,1851511111
2017-11-22,2600.31,2600.94,2595.23,2597.08,1534972222
2017-11-24,2600.42,2604.21,2600.42,2602.42,749877778
2017-11-27,2602.66,2606.41,2598.87,2601.42,1670477778
2017-11-28,2605.94,2627.69,2605.44,2627.04,1938011111
2017-11-29,2627.82,2634.89,2620.32,2626.07,2265711111
2017-11-30,2633.93,2657.74,2633.93,2647.58,2743605556
2017-12-01,2645.1,2650.62,2605.52,2642.22,2190177778
2017-12-04,2657.19,2665.19,2639.03,2639.44,2235083333
2017-12-05,2639.78,2648.72,2627.73,2629.57,1966133333
2017-12-06,2626.24,2634.41,2624.75,2629.27,1793888889
2017-12-07,2628.38,2640.99,2626.53,2636.98,1829111111
2017-12-08,2646.21,2651.65,2644.1,2651.5,1725638889
2017-12-11,2652.19,2660.33,2651.47,2659.99,1717750000
2017-12-12,2661.73,2669.72,2659.78,2664.11,1975377778
2017-12-13,2667.59,2671.88,2662.85,2662.85,1967983333
2017-12-14,2665.87,2668.09,2652.01,2652.01,1905572222
2017-12-15,2660.63,2679.63,2659.14,2675.81,3179955556
2017-12-18,2685.92,2694.97,2685.92,2690.16,2069255556
2017-12-19,2692.71,2694.44,2680.74,2681.47,1871438889
2017-12-20,2688.18,2691.01,2676.11,2679.25,1800572222
2017-12-21,2683.02,2692.64,2682.4,2684.57,1818550000
2017-12-22,2684.22,2685.35,2678.13,2683.34,1333238889
2017-12-26,2679.09,2682.74,2677.96,2680.5,1093766667
2017-12-27,2682.1,2685.64,2678.91,2682.62,1223377778
2017-12-28,2686.1,2687.66,2682.69,2687.54,1196294444
2017-12-29,2689.15,2692.12,2673.61,2673.61,1357494444
2018-01-02,2683.73,2695.89,2682.36,2695.81,1870694444
2018-01-03,2697.85,2714.37,2697.77,2713.06,1965922222
2018-01-04,2719.31,2729.29,2719.07,2723.99,2052922222
2018-01-05,2731.33,2743.45,2727.92,2743.15,1798122222
2018-01-08,2742.67,2748.51,2737.6,2747.71,1801472222
2018-01-09,2751.15,2759.14,2747.86,2751.29,1918600000
2018-01-10,2745.55,2750.8,2736.06,2748.23,1986861111
2018-01-11,2752.97,2767.56,2752.78,2767.56,2022955556
2018-01-12,2770.18,2787.85,2769.64,2786.24,1985538889
2018-01-16,2798.96,2807.54,2768.64,2776.42,2403316667
2018-01-17,2784.99,2807.04,2778.38,2802.56,2098916667
2018-01-18,2802.4,2805.83,2792.56,2798.03,2045261111
2018-01-19,2802.6,2810.33,2798.08,2810.3,2021905556
2018-01-22,2809.16,2833.03,2808.12,2832.97,1928766667
2018-01-23,2835.05,2842.24,2830.59,2839.13,1955361111
2018-01-24,2845.42,2852.97,2824.81,2837.54,2230038889
2018-01-25,2846.24,2848.56,2830.94,2839.25,2130638889
2018-01-26,2847.48,2872.87,2846.18,2872.87,1912905556
2018-01-29,2867.23,2870.62,2851.48,2853.53,1985461111
2018-01-30,2832.74,2837.75,2818.27,2822.43,2217027778
2018-01-31,2832.41,2839.26,2813.04,2823.81,2367377778
2018-02-01,2816.45,2835.96,2812.7,2821.98,2188027778
2018-02-02,2808.92,2808.92,2759.97,2762.13,2389516667
2018-02-05,2741.06,2763.39,2638.17,2648.94,2935255556
2018-02-06,2614.78,2701.04,2593.07,2695.14,3273144444
2018-02-07,2690.95,2727.67,2681.33,2681.66,2570316667
2018-02-08,2685.01,2685.27,2580.56,2581,2947466667
2018-02-09,2601.78,2638.67,2532.69,2619.55,3155594444
2018-02-12,2636.75,2672.61,2622.45,2656,2253216667
2018-02-13,2646.27,2668.84,2637.08,2662.94,1929372222
2018-02-14,2651.21,2702.1,2648.87,2698.63,2224300000
2018-02-15,2713.46,2731.51,2689.82,2731.2,2047172222
2018-02-16,2727.14,2754.42,2725.11,2732.22,2020811111
2018-02-20,2722.99,2737.6,2706.76,2716.26,2015338889
2018-02-21,2720.53,2747.75,2701.29,2701.33,2099666667
2018-02-22,2710.42,2731.26,2697.77,2703.96,2056261111
2018-02-23,2715.8,2747.76,2713.74,2747.3,1771772222
2018-02-26,2757.37,2780.64,2753.78,2779.6,1902583333
2018-02-27,2780.45,2789.15,2744.22,2744.28,2080600000
2018-02-28,2753.78,2761.52,2713.54,2713.83,2350366667
2018-03-01,2715.22,2730.89,2659.65,2677.67,2502205556
2018-03-02,2658.89,2696.25,2647.32,2691.25,2156916667
2018-03-05,2681.06,2728.09,2675.75,2720.94,2061561111
2018-03-06,2730.18,2732.08,2711.26,2728.12,1872605556
2018-03-07,2710.18,2730.6,2701.74,2726.8,1885150000
2018-03-08,2732.75,2740.45,2722.65,2738.97,1784622222
2018-03-09,2752.91,2786.57,2751.54,2786.57,1868944444
2018-03-12,2790.54,2796.98,2779.26,2783.02,1769455556
2018-03-13,2792.31,2801.9,2758.68,2765.31,1834250000
2018-03-14,2774.06,2777.11,2744.38,2749.48,1884088889
2018-03-15,2754.27,2763.03,2741.47,2747.33,1944627778
2018-03-16,2750.57,2761.85,2749.97,2752.01,2984633333
2018-03-19,2741.38,2741.38,2694.59,2712.92,1834516667
2018-03-20,2715.05,2724.22,2710.05,2716.94,1811683333
2018-03-21,2714.99,2739.14,2709.79,2711.93,1897505556
2018-03-22,2691.36,2695.68,2641.59,2643.69,2077666667
2018-03-23,2646.71,2657.67,2585.89,2588.26,2119488889
2018-03-26,2619.35,2661.36,2601.81,2658.55,1950611111
2018-03-27,2667.57,2674.78,2596.12,2612.62,2059083333
2018-03-28,2611.3,2632.65,2593.06,2605,2146944444
2018-03-29,2614.41,2659.07,2609.72,2640.87,1981105556
2018-04-02,2633.45,2638.3,2553.8,2581.88,1999177778
2018-04-03,2592.17,2619.14,2575.49,2614.45,1884894444
2018-04-04,2584.04,2649.86,2573.61,2644.69,1861300000
2018-04-05,2657.36,2672.08,2649.58,2662.84,1766094444
2018-04-06,2645.82,2656.88,2586.27,2604.47,1833166667
2018-04-09,2617.18,2653.55,2610.79,2613.16,1701644444
2018-04-10,2638.41,2665.45,2635.78,2656.87,1968850000
2018-04-11,2643.89,2661.43,2639.25,2642.19,1678200000
2018-04-12,2653.83,2674.72,2653.83,2663.99,1678511111
2018-04-13,2676.9,2680.26,2645.05,2656.3,1644950000
2018-04-16,2670.1,2686.49,2665.16,2677.84,1677611111
2018-04-17,2692.74,2713.34,2692.05,2706.39,1796866667
2018-04-18,2710.11,2717.49,2703.63,2708.64,1879672222
2018-04-19,2701.16,2702.84,2681.9,2693.13,1860761111
2018-04-20,2692.56,2693.94,2660.61,2670.14,1882550000
2018-04-23,2675.4,2682.86,2657.99,2670.29,1676377778
2018-04-24,2680.8,2683.55,2617.32,2634.56,2059300000
2018-04-25,2634.92,2645.3,2612.67,2639.4,1944133333
2018-04-26,2651.65,2676.48,2647.16,2666.94,2036511111
2018-04-27,2675.47,2677.35,2659.01,2669.91,1788350000
2018-04-30,2682.51,2682.87,2648.04,2648.05,2074738889
2018-05-01,2642.96,2655.27,2625.41,2654.8,1977694444
2018-05-02,2654.24,2660.87,2631.7,2635.67,2228205556
2018-05-03,2628.08,2637.14,2594.62,2629.73,2139705556
2018-05-04,2621.45,2670.93,2615.32,2663.42,1848455556
2018-05-07,2680.34,2683.35,2664.7,2672.63,1798866667
2018-05-08,2670.26,2676.34,2655.2,2671.92,2065316667
2018-05-09,2678.12,2701.27,2674.14,2697.79,2171944444
2018-05-10,2705.02,2726.11,2704.54,2723.07,1851694444
2018-05-11,2722.7,2732.86,2717.45,2727.72,1590388889
2018-05-14,2738.47,2742.1,2725.47,2730.13,1651477778
2018-05-15,2718.59,2718.59,2701.91,2711.45,1828155556
2018-05-16,2712.62,2727.76,2712.17,2722.46,1779261111
2018-05-17,2719.71,2731.96,2711.36,2720.13,1930777778
2018-05-18,2717.35,2719.5,2709.18,2712.97,1871494444
2018-05-21,2735.39,2739.19,2725.7,2733.01,1677716667
2018-05-22,2738.34,2742.24,2721.88,2724.44,1870172222
2018-05-23,2713.98,2733.33,2709.54,2733.29,1847938889
2018-05-24,2730.94,2731.97,2707.38,2727.76,1808905556
2018-05-25,2723.6,2727.36,2714.99,2721.33,1664033333
2018-05-29,2705.11,2710.67,2676.81,2689.86,2076050000
2018-05-30,2702.43,2729.34,2702.43,2724.01,1978361111
2018-05-31,2720.98,2722.5,2700.68,2705.27,2352983333
2018-06-01,2718.7,2736.93,2718.7,2734.62,2046738889
2018-06-04,2741.67,2749.16,2740.54,2746.87,1875838889
2018-06-05,2748.46,2752.61,2739.51,2748.8,1954327778
2018-06-06,2753.25,2772.39,2748.46,2772.35,2028688889
2018-06-07,2774.84,2779.9,2760.16,2770.37,2061850000
2018-06-08,2765.84,2779.39,2763.59,2779.03,1735116667
2018-06-11,2780.18,2790.21,2780.17,2782,1795738889
2018-06-12,2785.6,2789.8,2778.78,2786.85,1889450000
2018-06-13,2787.94,2791.47,2774.65,2775.63,2099572222
2018-06-14,2783.21,2789.06,2776.52,2782.49,1959383333
2018-06-15,2777.78,2782.81,2761.73,2779.66,3015994444
2018-06-18,2765.79,2774.99,2757.12,2773.75,1826194444
2018-06-19,2752.01,2765.05,2743.19,2762.59,2034150000
2018-06-20,2769.73,2774.86,2763.91,2767.32,1848666667
2018-06-21,2769.28,2769.28,2744.39,2749.76,1833366667
2018-06-22,2760.79,2764.17,2752.68,2754.88,3028083333
2018-06-25,2742.94,2742.94,2698.67,2717.07,2030600000
2018-06-26,2722.12,2732.91,2715.6,2723.06,1975050000
2018-06-27,2728.45,2746.09,2699.38,2699.63,2097827778
2018-06-28,2698.69,2724.34,2691.99,2716.31,1904522222
2018-06-29,2727.13,2743.26,2718.03,2718.37,1980900000
2018-07-02,2704.95,2727.26,2698.95,2726.71,1707583333
2018-07-03,2733.27,2736.58,2711.16,2713.22,1061927778
2018-07-05,2724.19,2737.83,2716.02,2736.61,1640788889
2018-07-06,2737.68,2764.41,2733.52,2759.82,1419322222
2018-07-09,2775.62,2784.65,2770.73,2784.17,1694466667
2018-07-10,2788.56,2795.58,2786.24,2793.84,1702138889
2018-07-11,2779.82,2785.91,2770.77,2774.02,1647077778
2018-07-12,2783.14,2799.22,2781.53,2798.29,1567605556
2018-07-13,2796.93,2804.53,2791.69,2801.31,1452222222
2018-07-16,2797.36,2801.19,2793.39,2798.43,1562350000
2018-07-17,2789.34,2814.19,2789.24,2809.55,1694850000
2018-07-18,2811.35,2816.76,2805.89,2815.62,1716544444
2018-07-19,2809.37,2812.05,2799.77,2804.49,1814833333
2018-07-20,2804.55,2809.7,2800.01,2801.83,1794561111
2018-07-23,2799.17,2808.61,2795.14,2806.98,1615238889
2018-07-24,2820.68,2829.99,2811.12,2820.4,1898627778
2018-07-25,2817.73,2848.03,2817.73,2846.07,1973894444
2018-07-26,2835.49,2845.57,2835.26,2837.44,2029627778
2018-07-27,2842.35,2843.17,2808.34,2818.82,1897616667
2018-07-30,2819,2821.74,2798.11,2802.6,1803205556
2018-07-31,2809.73,2824.46,2808.06,2816.29,2162277778
2018-08-01,2821.17,2825.83,2805.85,2813.36,1942772222
2018-08-02,2800.48,2829.91,2796.34,2827.22,1926322222
2018-08-03,2829.62,2840.38,2827.37,2840.35,1683550000
2018-08-06,2840.29,2853.29,2835.98,2850.4,1596966667
2018-08-07,2855.92,2863.43,2855.92,2858.45,1757094444
2018-08-08,2856.79,2862.44,2853.09,2857.7,1651222222
2018-08-09,2857.19,2862.48,2851.98,2853.58,1692805556
2018-08-10,2838.9,2842.2,2825.81,2833.28,1808911111
2018-08-13,2835.46,2843.4,2819.88,2821.93,1754694444
2018-08-14,2827.88,2843.11,2826.58,2839.96,1653872222
2018-08-15,2827.95,2827.95,2802.49,2818.37,2025038889
2018-08-16,2831.44,2850.49,2831.44,2840.69,1788822222
2018-08-17,2838.32,2855.63,2833.73,2850.13,1680055556
2018-08-20,2853.93,2859.76,2850.62,2857.05,1526677778
2018-08-21,2861.51,2873.23,2861.32,2862.96,1748411111
2018-08-22,2860.99,2867.54,2856.05,2861.82,1494200000
2018-08-23,2860.29,2868.78,2854.03,2856.98,1507727778
2018-08-24,2862.35,2876.16,2862.35,2874.69,1442327778
2018-08-27,2884.69,2898.25,2884.69,2896.74,1585600000
2018-08-28,2901.45,2903.77,2893.5,2897.52,1490661111
2018-08-29,2900.62,2916.5,2898.4,2914.04,1551033333
2018-08-30,2908.94,2912.46,2895.22,2901.13,1556766667
2018-08-31,2898.37,2906.32,2891.73,2901.52,1600144444
2018-09-04,2896.96,2900.18,2885.13,2896.72,1709477778
2018-09-05,2891.59,2894.21,2876.92,2888.6,1800694444
2018-09-06,2888.64,2892.05,2867.29,2878.05,1744216667
2018-09-07,2868.26,2883.81,2864.12,2871.68,1636816667
2018-09-10,2881.39,2886.93,2875.94,2877.13,1517444444
2018-09-11,2871.57,2892.52,2866.78,2887.89,1610922222
2018-09-12,2888.29,2894.65,2879.2,2888.92,1813850000
2018-09-13,2896.85,2906.76,2896.39,2904.18,1808294444
2018-09-14,2906.38,2908.3,2895.77,2904.98,1749888889
2018-09-17,2903.83,2904.65,2886.16,2888.8,1637644444
2018-09-18,2890.74,2911.17,2890.43,2904.31,1708116667
2018-09-19,2906.6,2912.36,2903.82,2907.95,1822233333
2018-09-20,2919.73,2934.8,2919.73,2930.75,1854294444
2018-09-21,2936.76,2940.91,2927.11,2929.67,3115338889
2018-09-24,2921.83,2923.79,2912.63,2919.37,1873450000
2018-09-25,2921.75,2923.95,2913.7,2915.56,1825266667
2018-09-26,2916.98,2931.15,2903.28,2905.97,1882566667
2018-09-27,2911.65,2927.22,2909.27,2914,1700472222
2018-09-28,2910.03,2920.53,2907.5,2913.98,1906833333
2018-10-01,2926.29,2937.06,2917.91,2924.59,1868994444
2018-10-02,2923.8,2931.42,2919.37,2923.43,1889933333
2018-10-03,2931.69,2939.86,2921.36,2925.51,1999283333
2018-10-04,2919.35,2919.78,2883.92,2901.61,1942700000
2018-10-05,2902.54,2909.64,2869.29,2885.57,1849433333
2018-10-08,2877.53,2889.45,2862.08,2884.43,1850177778
2018-10-09,2882.51,2894.83,2874.27,2880.34,1955833333
2018-10-10,2873.9,2874.02,2784.86,2785.68,2500694444
2018-10-11,2776.87,2795.14,2710.51,2728.37,2717016667
2018-10-12,2770.54,2775.77,2729.44,2767.13,2203355556
2018-10-15,2763.83,2775.99,2749.03,2750.79,1833411111
2018-10-16,2767.05,2813.46,2766.91,2809.92,1904633333
2018-10-17,2811.67,2816.94,2781.81,2809.21,1845394444
2018-10-18,2802,2806.04,2755.18,2768.78,2009133333
2018-10-19,2775.66,2797.77,2760.27,2767.78,1981383333
2018-10-22,2773.94,2778.94,2749.22,2755.88,1837300000
2018-10-23,2721.03,2753.59,2691.43,2740.69,2415877778
2018-10-24,2737.87,2742.59,2651.89,2656.1,2616283333
2018-10-25,2674.88,2722.7,2667.84,2705.57,2574872222
2018-10-26,2667.86,2692.38,2628.16,2658.69,2668416667
2018-10-29,2682.65,2706.85,2603.54,2641.25,2596500000
2018-10-30,2640.68,2685.43,2635.34,2682.63,2836877778
2018-10-31,2705.6,2736.69,2705.6,2711.74,2840233333
2018-11-01,2717.58,2741.67,2708.85,2740.37,2615788889
2018-11-02,2745.45,2756.55,2700.44,2723.06,2354405556
2018-11-05,2726.37,2744.27,2717.94,2738.31,2012955556
2018-11-06,2738.4,2756.82,2737.08,2755.45,1950477778
2018-11-07,2774.13,2815.15,2774.13,2813.89,2174861111
2018-11-08,2806.38,2814.75,2794.99,2806.83,2016938889
2018-11-09,2794.1,2794.1,2764.24,2781.01,2232827778
2018-11-12,2773.93,2775.99,2722,2726.22,2039405556
2018-11-13,2730.05,2754.6,2714.98,2722.18,2273022222
2018-11-14,2737.9,2746.8,2685.75,2701.58,2445761111
2018-11-15,2693.52,2735.38,2670.75,2730.2,2321744444
2018-11-16,2718.54,2746.75,2712.16,2736.27,2208433333
2018-11-19,2730.74,2733.16,2681.09,2690.73,2096055556
2018-11-20,2654.6,2669.44,2631.52,2641.89,2421055556
2018-11-21,2657.74,2670.73,2649.82,2649.93,1796416667
2018-11-23,2633.36,2647.55,2631.09,2632.56,917583333
2018-11-26,2649.97,2674.35,2649.97,2673.45,1913305556
2018-11-27,2663.75,2682.53,2655.89,2682.17,1936233333
2018-11-28,2691.45,2744,2684.38,2743.79,2195372222
2018-11-29,2736.97,2753.75,2722.94,2737.8,1978205556
2018-11-30,2737.76,2760.88,2732.76,2760.17,2588100000
2018-12-03,2790.5,2800.18,2773.38,2790.37,2325588889
2018-12-04,2782.43,2785.93,2697.18,2700.06,2499911111
2018-12-06,2663.51,2696.15,2621.53,2695.95,2856372222
2018-12-07,2691.26,2708.54,2623.14,2633.08,2342605556
2018-12-10,2630.86,2647.51,2583.23,2637.72,2306127778
2018-12-11,2664.44,2674.35,2621.3,2636.78,2169927778
2018-12-12,2658.23,2685.44,2650.26,2651.07,2199383333
2018-12-13,2658.7,2670.19,2637.27,2650.54,2182066667
2018-12-14,2629.68,2635.07,2593.84,2599.95,2241677778
2018-12-17,2590.75,2601.13,2530.54,2545.94,2564638889
2018-12-18,2559.9,2573.99,2528.71,2546.16,2483822222
2018-12-19,2547.05,2585.29,2488.96,2506.96,2848855556
2018-12-20,2496.77,2509.63,2441.18,2467.42,3103211111
2018-12-21,2465.38,2504.41,2408.55,2416.62,4227227778
2018-12-24,2400.56,2410.34,2351.1,2351.1,1452183333
2018-12-26,2363.12,2467.76,2346.58,2467.7,2352216667
2018-12-27,2442.5,2489.1,2397.94,2488.83,2275894444
2018-12-28,2498.77,2520.27,2472.89,2485.74,2057011111
2018-12-31,2498.94,2509.24,2482.82,2506.85,1912705556
2019-01-02,2476.96,2519.49,2467.47,2510.03,2073977778
2019-01-03,2491.92,2493.14,2443.96,2447.89,2123811111
2019-01-04,2474.33,2538.07,2474.33,2531.94,2340783333
2019-01-07,2535.61,2566.16,2524.56,2549.69,2280394444
2019-01-08,2568.11,2579.82,2547.56,2574.41,2268350000
2019-01-09,2580,2595.32,2568.89,2584.96,2251377778
2019-01-10,2573.51,2597.82,2562.02,2596.64,2058055556
2019-01-11,2588.11,2596.27,2577.4,2596.26,1908050000
2019-01-14,2580.31,2589.32,2570.41,2582.61,2035805556
2019-01-15,2585.1,2613.08,2585.1,2610.3,1984627778
2019-01-16,2614.75,2625.76,2612.68,2616.1,2146538889
2019-01-17,2609.28,2645.06,2606.36,2635.96,2095705556
2019-01-18,2651.27,2675.47,2647.58,2670.71,2214850000
2019-01-22,2657.88,2657.88,2617.27,2632.9,2171127778
2019-01-23,2643.48,2653.19,2612.86,2638.7,1853116667
2019-01-24,2638.84,2647.2,2627.01,2642.33,1907361111
2019-01-25,2657.44,2672.38,2657.33,2664.76,2118933333
2019-01-28,2644.97,2644.97,2624.06,2643.85,2007116667
2019-01-29,2644.89,2650.93,2631.05,2640,1946777778
2019-01-30,2653.62,2690.44,2648.34,2681.05,2148783333
2019-01-31,2685.49,2708.95,2678.65,2704.1,2732027778
2019-02-01,2702.32,2716.66,2696.88,2706.53,2088483333
2019-02-04,2706.49,2724.99,2698.75,2724.87,1866577778
2019-02-05,2728.34,2738.98,2724.03,2737.7,1978016667
2019-02-06,2735.05,2738.08,2724.15,2731.61,1929272222
2019-02-07,2717.53,2719.32,2687.26,2706.05,2277494444
2019-02-08,2692.36,2708.07,2681.83,2707.88,2012405556
2019-02-11,2712.4,2718.05,2703.79,2709.8,1867761111
2019-02-12,2722.61,2748.19,2722.61,2744.73,2126538889
2019-02-13,2750.3,2761.85,2748.63,2753.03,2039316667
2019-02-14,2743.5,2757.9,2731.23,2745.73,2131500000
2019-02-15,2760.24,2775.66,2760.24,2775.6,2022983333
2019-02-19,2769.28,2787.33,2767.29,2779.76,1963172222
2019-02-20,2779.05,2789.88,2774.06,2784.7,2130805556
2019-02-21,2780.24,2781.58,2764.55,2774.88,1977616667
2019-02-22,2780.67,2794.2,2779.11,2792.67,1904338889
2019-02-25,2804.35,2813.49,2794.99,2796.11,2113544444
2019-02-26,2792.36,2803.12,2789.47,2793.9,2025377778
2019-02-27,2787.5,2795.76,2775.13,2792.38,2092850000
2019-02-28,2788.11,2793.73,2782.51,2784.49,2442738889
2019-03-01,2798.22,2808.02,2787.38,2803.69,2206822222
2019-03-04,2814.37,2816.88,2767.66,2792.81,2177672222
2019-03-05,2794.41,2796.44,2782.97,2789.65,1992050000
2019-03-06,2790.27,2790.27,2768.69,2771.45,2103666667
2019-03-07,2766.53,2767.25,2739.09,2748.93,2169366667
2019-03-08,2730.79,2744.13,2722.27,2743.07,1901738889
2019-03-11,2747.61,2784,2747.61,2783.3,2082794444
2019-03-12,2787.34,2798.32,2786.73,2791.52,1896794444
2019-03-13,2799.78,2821.24,2799.78,2810.92,2092305556
2019-03-14,2810.38,2815,2803.46,2808.48,1927627778
2019-03-15,2810.79,2830.73,2810.79,2822.48,3312627778
2019-03-18,2822.61,2835.41,2821.99,2832.94,1973438889
2019-03-19,2840.76,2852.42,2823.27,2832.57,2011233333
2019-03-20,2831.34,2843.54,2812.43,2824.23,2095111111
2019-03-21,2819.72,2860.31,2817.38,2854.88,1970444444
2019-03-22,2844.52,2846.16,2800.47,2800.71,2354000000
2019-03-25,2796.01,2809.79,2785.02,2798.36,1875877778
2019-03-26,2812.66,2829.87,2803.99,2818.46,1814472222
2019-03-27,2819.72,2825.56,2787.72,2805.37,1873850000
2019-03-28,2809.4,2819.71,2798.77,2815.44,1754538889
2019-03-29,2828.27,2836.03,2819.23,2834.4,2078166667
2019-04-01,2848.63,2869.4,2848.63,2867.19,1944866667
2019-04-02,2868.24,2872.9,2858.75,2867.24,1803833333
2019-04-03,2876.09,2885.25,2865.17,2873.4,1972355556
2019-04-04,2873.99,2881.28,2867.14,2879.39,1675100000
2019-04-05,2884.16,2893.24,2882.99,2892.74,1748233333
2019-04-08,2888.46,2895.95,2880.78,2895.77,1696683333
2019-04-09,2886.58,2886.88,2873.33,2878.2,1671100000
2019-04-10,2881.37,2889.71,2879.13,2888.21,1701322222
2019-04-11,2891.92,2893.42,2881.99,2888.32,1632522222
2019-04-12,2900.86,2910.54,2898.37,2907.41,2049161111
2019-04-15,2908.32,2909.6,2896.48,2905.58,1715738889
2019-04-16,2912.26,2916.06,2900.71,2907.06,1890116667
2019-04-17,2916.04,2918,2895.45,2900.45,2001277778
2019-04-18,2904.81,2908.4,2891.9,2905.03,1948250000
2019-04-22,2898.78,2909.51,2896.35,2907.97,1665527778
2019-04-23,2909.99,2936.31,2908.53,2933.68,2019461111
2019-04-24,2934,2936.83,2926.05,2927.25,1916088889
2019-04-25,2928.99,2933.1,2912.84,2926.17,1902933333
2019-04-26,2925.81,2939.88,2917.56,2939.88,1804722222
2019-04-29,2940.58,2949.52,2939.35,2943.03,1732655556
2019-04-30,2937.14,2948.22,2924.11,2945.83,2177405556
2019-05-01,2952.33,2954.13,2923.36,2923.73,2025472222
2019-05-02,2922.16,2931.68,2900.5,2917.52,2099383333
2019-05-03,2929.21,2947.85,2929.21,2945.64,1854511111
2019-05-06,2908.89,2937.32,2898.21,2932.47,1767511111
2019-05-07,2913.03,2913.03,2862.6,2884.05,2092833333
2019-05-08,2879.61,2897.96,2873.28,2879.42,1936550000
2019-05-09,2859.84,2875.97,2836.4,2870.72,2021566667
2019-05-10,2863.1,2891.31,2825.39,2881.4,1960888889
2019-05-13,2840.19,2840.19,2801.43,2811.87,2163350000
2019-05-14,2820.12,2852.54,2820.12,2834.41,1845955556
2019-05-15,2820.38,2858.68,2815.08,2850.96,1736638889
2019-05-16,2855.8,2892.15,2855.8,2876.32,1854477778
2019-05-17,2858.6,2885.48,2854.23,2859.53,1809972222
2019-05-20,2841.94,2853.86,2831.29,2840.23,1827150000
2019-05-21,2854.02,2868.88,2854.02,2864.36,1788166667
2019-05-22,2856.06,2865.47,2851.11,2856.27,1773616667
2019-05-23,2836.7,2836.7,2805.49,2822.24,2162211111
2019-05-24,2832.41,2841.36,2820.19,2826.06,1604105556
2019-05-28,2830.03,2840.51,2801.58,2802.39,2289672222
2019-05-29,2790.25,2792.03,2766.06,2783.02,2055583333
2019-05-30,2786.94,2799,2776.74,2788.86,1818772222
2019-05-31,2766.15,2768.98,2750.52,2752.06,2211677778
2019-06-03,2751.53,2763.07,2728.81,2744.45,2191005556
2019-06-04,2762.64,2804.49,2762.64,2803.27,2116905556
2019-06-05,2818.09,2827.28,2800.92,2826.15,1971572222
2019-06-06,2828.51,2852.1,2822.45,2843.49,1886894444
2019-06-07,2852.87,2884.97,2852.87,2873.34,1789027778
2019-06-10,2885.83,2904.77,2885.51,2886.73,1782894444
2019-06-11,2903.27,2910.61,2878.53,2885.72,1971344444
2019-06-12,2882.73,2888.57,2874.68,2879.84,1685627778
2019-06-13,2886.24,2895.24,2881.99,2891.64,1705450000
2019-06-14,2886.82,2894.45,2879.62,2886.98,1623516667
2019-06-17,2889.75,2897.27,2887.3,2889.67,1561188889
2019-06-18,2906.71,2930.79,2905.44,2917.75,1909788889
2019-06-19,2920.55,2931.74,2911.43,2926.46,1826605556
2019-06-20,2949.6,2958.06,2931.5,2954.18,2169966667
2019-06-21,2952.71,2964.15,2946.87,2950.46,2777844444
2019-06-24,2951.42,2954.92,2944.05,2945.35,1742361111
2019-06-25,2945.78,2946.52,2916.01,2917.38,1987805556
2019-06-26,2926.07,2932.59,2912.99,2913.78,1932294444
2019-06-27,2919.66,2929.3,2918.57,2924.92,1734955556
2019-06-28,2932.94,2943.98,2929.05,2941.76,3011500000
2019-07-01,2971.41,2977.93,2952.22,2964.33,1951816667
2019-07-02,2964.66,2973.21,2955.92,2973.01,1781577778
2019-07-03,2978.08,2995.84,2977.96,2995.82,1090955556
2019-07-05,2984.25,2994.03,2967.97,2990.41,1352338889
2019-07-08,2979.77,2980.76,2970.09,2975.95,1613638889
2019-07-09,2965.52,2981.9,2963.44,2979.63,1682338889
2019-07-10,2989.3,3002.98,2984.62,2993.07,1752355556
2019-07-11,2999.62,3002.33,2988.8,2999.91,1752566667
2019-07-12,3003.36,3013.92,3001.87,3013.77,1652755556
2019-07-15,3017.8,3017.8,3008.77,3014.3,1597205556
2019-07-16,3012.13,3015.02,3001.15,3004.04,1828138889
2019-07-17,3005.1,3005.26,2984.25,2984.42,1767555556
2019-07-18,2978.87,2998.28,2973.09,2995.11,1831433333
2019-07-19,3004.26,3006.02,2975.86,2976.61,1811311111
2019-07-22,2981.93,2990.71,2976.65,2985.03,1668733333
2019-07-23,2994.74,3005.9,2988.56,3005.47,1840922222
2019-07-24,2998.77,3019.59,2996.82,3019.56,1904988889
2019-07-25,3016.26,3016.31,2997.24,3003.67,2025150000
2019-07-26,3013.25,3027.98,3012.59,3025.86,1809772222
2019-07-29,3024.47,3025.61,3014.3,3020.97,1779838889
2019-07-30,3007.66,3017.19,3000.94,3013.18,2019072222
2019-07-31,3016.22,3017.4,2958.08,2980.38,2568572222
2019-08-01,2980.32,3013.59,2945.23,2953.56,2645722222
2019-08-02,2943.9,2945.5,2914.11,2932.05,2152588889
2019-08-05,2898.07,2898.07,2822.12,2844.74,2507627778
2019-08-06,2861.18,2884.4,2847.42,2881.77,2307911111
2019-08-07,2858.65,2892.17,2825.71,2883.98,2495416667
2019-08-08,2896.21,2938.72,2894.47,2938.09,2281316667
2019-08-09,2930.51,2935.75,2900.15,2918.65,1861466667
2019-08-12,2907.07,2907.58,2873.14,2882.7,1584238889
2019-08-13,2880.72,2943.31,2877.05,2926.32,2140888889
2019-08-14,2894.15,2894.15,2839.64,2840.6,2395850000
2019-08-15,2846.2,2856.67,2825.51,2847.6,2243333333
2019-08-16,2864.74,2893.63,2864.74,2888.68,1943416667
2019-08-19,2913.48,2931,2913.48,2923.65,1784933333
2019-08-20,2919.01,2923.63,2899.6,2900.51,1703500000
2019-08-21,2922.04,2928.73,2917.91,2924.43,1672883333
2019-08-22,2930.94,2939.08,2904.51,2922.95,1606044444
2019-08-23,2911.07,2927.01,2834.97,2847.11,2187388889
2019-08-26,2866.7,2879.27,2856,2878.38,1587555556
2019-08-27,2893.14,2898.79,2860.59,2869.16,1963127778
2019-08-28,2861.28,2890.03,2853.05,2887.94,1720788889
2019-08-29,2910.37,2930.5,2905.67,2924.58,1764550000
2019-08-30,2937.09,2940.43,2913.32,2926.46,1671361111
2019-09-03,2909.01,2914.39,2891.85,2906.27,1903772222
2019-09-04,2924.67,2938.84,2921.86,2937.78,1757366667
2019-09-05,2960.6,2985.86,2960.6,2976,2161500000
2019-09-06,2980.33,2985.03,2972.51,2978.71,1782377778
2019-09-09,2988.43,2989.43,2969.39,2978.43,2223827778
2019-09-10,2971.01,2979.39,2957.01,2979.39,2439316667
2019-09-11,2981.41,3000.93,2975.31,3000.93,2181972222
2019-09-12,3009.08,3020.74,3000.92,3009.57,2106588889
2019-09-13,3012.21,3017.33,3002.9,3007.39,1955588889
2019-09-16,2996.41,3002.19,2990.67,2997.96,2374800000
2019-09-17,2995.67,3006.21,2993.73,3005.7,2039911111
2019-09-18,3001.5,3007.83,2978.57,3006.73,1908633333
2019-09-19,3010.36,3021.99,3003.16,3006.79,1806272222
2019-09-20,3008.42,3016.37,2984.68,2992.07,3385966667
2019-09-23,2983.5,2999.15,2982.23,2991.78,1770327778
2019-09-24,3002.43,3007.98,2957.73,2966.6,2148977778
2019-09-25,2968.35,2989.82,2952.86,2984.87,1843816667
2019-09-26,2985.73,2987.28,2963.71,2977.62,1709577778
2019-09-27,2985.47,2987.31,2945.53,2961.79,1802027778
2019-09-30,2967.07,2983.85,2967.07,2976.74,1804227778
2019-10-01,2983.69,2992.53,2938.7,2940.25,1976688889
2019-10-02,2924.78,2924.78,2874.93,2887.61,2173622222
2019-10-03,2885.38,2911.13,2855.94,2910.63,1946466667
2019-10-04,2918.56,2953.74,2918.56,2952.01,1661572222
2019-10-07,2944.23,2959.75,2935.68,2938.79,1633411111
2019-10-08,2920.4,2925.47,2892.66,2893.06,1864694444
2019-10-09,2911.1,2929.32,2907.41,2919.4,1514900000
2019-10-10,2918.55,2948.46,2917.12,2938.13,1787361111
2019-10-11,2963.07,2993.28,2963.07,2970.27,1989144444
2019-10-14,2965.81,2972.84,2962.94,2966.15,1420566667
2019-10-15,2973.61,3003.28,2973.61,2995.68,1855966667
2019-10-16,2989.68,2997.54,2985.2,2989.69,1790316667
2019-10-17,3000.77,3008.29,2991.79,2997.95,1731088889
2019-10-18,2996.84,3000,2976.31,2986.2,1813494444
2019-10-21,2996.48,3007.33,2995.35,3006.72,1817566667
2019-10-22,3010.73,3014.57,2995.04,2995.99,1957716667
2019-10-23,2994.01,3004.78,2991.21,3004.52,1884927778
2019-10-24,3014.78,3016.07,3000.42,3010.29,2051444444
2019-10-25,3003.32,3027.39,3001.94,3022.55,1872427778
2019-10-28,3032.12,3044.08,3032.12,3039.42,1956238889
2019-10-29,3035.39,3047.87,3034.81,3036.89,1994405556
2019-10-30,3039.74,3050.1,3025.96,3046.77,2097794444
2019-10-31,3046.9,3046.9,3023.19,3037.56,2299600000
2019-11-01,3050.72,3066.95,3050.72,3066.91,2183444444
2019-11-04,3078.96,3085.2,3074.87,3078.27,2303805556
2019-11-05,3080.8,3083.95,3072.15,3074.62,2492294444
2019-11-06,3075.1,3078.34,3065.89,3076.78,2476772222
2019-11-07,3087.02,3097.77,3080.23,3085.18,2302577778
2019-11-08,3081.25,3093.09,3073.58,3093.08,1943972222
2019-11-11,3080.33,3088.33,3075.82,3087.01,1686405556
2019-11-12,3089.28,3102.61,3084.73,3091.84,1925561111
2019-11-13,3084.18,3098.06,3078.8,3094.04,1949600000
2019-11-14,3090.75,3098.2,3083.26,3096.63,1820038889
2019-11-15,3107.92,3120.46,3104.6,3120.46,1853138889
2019-11-18,3117.91,3124.17,3112.06,3122.03,1909272222
2019-11-19,3127.45,3127.64,3113.47,3120.18,1994483333
2019-11-20,3114.66,3118.97,3091.41,3108.46,2241605556
2019-11-21,3108.49,3110.11,3094.55,3103.54,2066977778
2019-11-22,3111.41,3112.87,3099.26,3110.29,1792655556
2019-11-25,3117.44,3133.83,3117.44,3133.64,1950850000
2019-11-26,3134.85,3142.69,3131,3140.52,2553105556
2019-11-27,3145.49,3154.26,3143.41,3153.63,1685050000
2019-11-29,3147.18,3150.3,3139.34,3140.98,968344444
2019-12-02,3143.85,3144.31,3110.78,3113.87,1815966667
2019-12-03,3087.41,3094.97,3070.33,3093.2,2029661111
2019-12-04,3103.5,3119.38,3102.53,3112.76,2052794444
2019-12-05,3119.21,3119.45,3103.76,3117.43,1864305556
2019-12-06,3134.62,3150.6,3134.62,3145.91,1933044444
2019-12-09,3141.86,3148.87,3135.46,3135.96,1858883333
2019-12-10,3135.36,3142.12,3126.09,3132.52,1857661111
2019-12-11,3135.75,3143.98,3133.21,3141.63,1806966667
2019-12-12,3141.23,3176.28,3138.47,3168.57,2217050000
2019-12-13,3166.65,3182.68,3156.51,3168.8,2076038889
2019-12-16,3183.63,3197.71,3183.63,3191.45,2250994444
2019-12-17,3195.4,3198.22,3191.03,3192.52,2131966667
2019-12-18,3195.21,3198.48,3191.14,3191.14,2230044444
2019-12-19,3192.32,3205.48,3192.32,3205.37,2066916667
2019-12-20,3223.33,3225.65,3216.03,3221.22,3585705556
2019-12-23,3226.05,3227.78,3222.3,3224.01,1700338889
2019-12-24,3225.45,3226.43,3220.51,3223.38,720300000
2019-12-26,3227.2,3240.08,3227.2,3239.91,1200377778
2019-12-27,3247.23,3247.93,3234.37,3240.02,1349261111
2019-12-30,3240.09,3240.92,3216.57,3221.29,1674050000
2019-12-31,3215.18,3231.72,3212.03,3230.78,1607672222
